<?xml version="1.0" encoding="UTF-8"?>
<project-private xmlns="http://www.netbeans.org/ns/project-private/1">
    <editor-bookmarks xmlns="http://www.netbeans.org/ns/editor-bookmarks/2" lastBookmarkId="0"/>
    <open-files xmlns="http://www.netbeans.org/ns/projectui-open-files/2">
        <group>
            <file>file:/C:/Users/Ratul%20Mynuddin/Documents/NetBeansProjects/testultrapro/src/com/test/service/MobileService.java</file>
            <file>file:/C:/Users/Ratul%20Mynuddin/Documents/NetBeansProjects/testultrapro/src/com/test/controller/MobileRegistration.java</file>
            <file>file:/C:/Users/Ratul%20Mynuddin/Documents/NetBeansProjects/testultrapro/src/com/test/dao/MobileDAO.java</file>
        </group>
    </open-files>
</project-private>
