<?xml version="1.0" encoding="UTF-8"?>
<project-private xmlns="http://www.netbeans.org/ns/project-private/1">
    <editor-bookmarks xmlns="http://www.netbeans.org/ns/editor-bookmarks/2" lastBookmarkId="0"/>
    <open-files xmlns="http://www.netbeans.org/ns/projectui-open-files/2">
        <group>
            <file>file:/C:/Users/Faculty%20Pc/Google%20Drive/Upload-45/AdvanceJAVA/AdvanceJAVA/src/com/project/controller/EmployeeController.java</file>
            <file>file:/C:/Users/Faculty%20Pc/Google%20Drive/Upload-45/AdvanceJAVA/AdvanceJAVA/src/com/project/model/Employee.java</file>
            <file>file:/C:/Users/Faculty%20Pc/Google%20Drive/Upload-45/AdvanceJAVA/AdvanceJAVA/src/com/project/dao/EmployeeDAO.java</file>
            <file>file:/C:/Users/Faculty%20Pc/Google%20Drive/Upload-45/AdvanceJAVA/AdvanceJAVA/src/com/project/service/EmployeeService.java</file>
            <file>file:/C:/Users/Faculty%20Pc/Google%20Drive/Upload-45/AdvanceJAVA/AdvanceJAVA/src/com/project/util/DBConnection.java</file>
        </group>
    </open-files>
</project-private>
