<?xml version="1.0" encoding="UTF-8"?>
<project-private xmlns="http://www.netbeans.org/ns/project-private/1">
    <editor-bookmarks xmlns="http://www.netbeans.org/ns/editor-bookmarks/2" lastBookmarkId="0"/>
    <open-files xmlns="http://www.netbeans.org/ns/projectui-open-files/2">
        <group>
            <file>file:/C:/Users/Faculty%20Pc/Google%20Drive/Upload-45/CoreJava/20_02_2021/SwingLogin/src/com/swing/login/RegistrationForm.java</file>
            <file>file:/C:/Users/Faculty%20Pc/Google%20Drive/Upload-45/CoreJava/20_02_2021/SwingLogin/src/com/swing/login/LoginForm.java</file>
            <file>file:/C:/Users/Faculty%20Pc/Google%20Drive/Upload-45/CoreJava/20_02_2021/SwingLogin/src/com/swing/model/User.java</file>
            <file>file:/C:/Users/Faculty%20Pc/Google%20Drive/Upload-45/CoreJava/20_02_2021/SwingLogin/src/com/swing/login/HomeForm.java</file>
            <file>file:/C:/Users/Faculty%20Pc/Google%20Drive/Upload-45/CoreJava/20_02_2021/SwingLogin/src/com/swing/service/UserService.java</file>
            <file>file:/C:/Users/Faculty%20Pc/Google%20Drive/Upload-45/CoreJava/20_02_2021/SwingLogin/src/com/swing/login/WelcomeForm.java</file>
        </group>
    </open-files>
</project-private>
